insert into Ratings(Rating,Factor) values ('Professional',1.0)
insert into Ratings(Rating,Factor) values ('White Collar',1.25)
insert into Ratings(Rating,Factor) values ('Light Manual',1.50)
insert into Ratings(Rating,Factor) values ('Heavy Manual',1.75)




insert into Occupation(OccupationName,Rating) values ('Cleaner','Light Manual')
insert into Occupation(OccupationName,Rating) values ('Doctor','Professional')
insert into Occupation(OccupationName,Rating) values ('Author','White Collar')
insert into Occupation(OccupationName,Rating) values ('Farmer','Heavy Manual')
insert into Occupation(OccupationName,Rating) values ('Mechanic','Heavy Manual')
insert into Occupation(OccupationName,Rating) values ('Florist','Light Manual')


insert into Member(MemberId,MemberName,Age,Dob,DeathSumInsured,Occupation) values ('MEM0000001','Kane Williamson',30,'1991-01-10',50000,'Doctor')
insert into Member(MemberId,MemberName,Age,Dob,DeathSumInsured,Occupation) values ('MEM0000002','James Anderson',35,'1986-04-08',50001,'Mechanic')
insert into Member(MemberId,MemberName,Age,Dob,DeathSumInsured,Occupation) values ('MEM0000003','Steve Smith',32,'1989-06-02',50002,'Florist')
insert into Member(MemberId,MemberName,Age,Dob,DeathSumInsured,Occupation) values ('MEM0000004','Virat Kohli',32,'1989-02-02',50003,'Doctor')
insert into Member(MemberId,MemberName,Age,Dob,DeathSumInsured,Occupation) values ('MEM0000005','Rohit Sharma',33,'1988-05-12',50004,'Mechanic')
insert into Member(MemberId,MemberName,Age,Dob,DeathSumInsured,Occupation) values ('MEM0000006','David Warner',35,'1986-07-28',50005,'Florist')
insert into Member(MemberId,MemberName,Age,Dob,DeathSumInsured,Occupation) values ('MEM0000007','Chris Gayle',40,'1981-11-30',50006,'Author')
insert into Member(MemberId,MemberName,Age,Dob,DeathSumInsured,Occupation) values ('MEM0000008','Michael Clarke',45,'1976-06-16',50007,'Farmer')
insert into Member(MemberId,MemberName,Age,Dob,DeathSumInsured,Occupation) values ('MEM0000009','ABD Velliers',34,'1987-02-22',50008,'Florist')
insert into Member(MemberId,MemberName,Age,Dob,DeathSumInsured,Occupation) values ('MEM0000010','Rishab Pant',22,'1999-04-23',50009,'Cleaner')